{"cameraMode":{"drawMode":0,"name":"Shaded","section":"Shading Mode"},"sceneLighting":true,"audioPlay":false,"sceneViewState":{"showFog":true,"showMaterialUpdate":false,"showSkybox":true,"showFlares":true,"showImageEffects":true,"showParticleSystems":true},"in2DMode":false,"pivot":{"x":1.387963891029358,"y":1.953244924545288,"z":2.7090516090393068},"rotation":{"x":0.04076049104332924,"y":-0.9123129844665527,"z":0.09375559538602829,"w":0.39652690291404726},"size":1.9713407754898072,"orthographic":false}