{"cameraMode":{"drawMode":0,"name":"Shaded","section":"Shading Mode"},"sceneLighting":true,"audioPlay":false,"sceneViewState":{"showFog":true,"showMaterialUpdate":false,"showSkybox":true,"showFlares":true,"showImageEffects":true,"showParticleSystems":true},"in2DMode":false,"pivot":{"x":3.044987201690674,"y":0.35758307576179507,"z":-3.2656335830688478},"rotation":{"x":-0.00849140528589487,"y":0.8955942392349243,"z":0.017085112631320955,"w":0.44446268677711489},"size":10.400270462036133,"orthographic":false}