{"cameraMode":{"drawMode":0,"name":"Shaded","section":"Shading Mode"},"sceneLighting":false,"audioPlay":false,"sceneViewState":{"showFog":true,"showMaterialUpdate":false,"showSkybox":false,"showFlares":true,"showImageEffects":true,"showParticleSystems":true},"in2DMode":false,"pivot":{"x":11.0794038772583,"y":-4.99230432510376,"z":4.5845046043396},"rotation":{"x":-0.1879642903804779,"y":-0.5348793864250183,"z":0.123442143201828,"w":-0.814454197883606},"size":21.825286865234376,"orthographic":false}