{"cameraMode":{"drawMode":0,"name":"Shaded","section":"Shading Mode"},"sceneLighting":true,"audioPlay":false,"sceneViewState":{"showFog":true,"showMaterialUpdate":false,"showSkybox":true,"showFlares":true,"showImageEffects":true,"showParticleSystems":true},"in2DMode":false,"pivot":{"x":0.15079401433467866,"y":-0.21834948658943177,"z":2.610525608062744},"rotation":{"x":-0.0385725162923336,"y":-0.008860418573021889,"z":-0.00035255742841400206,"w":0.9992164969444275},"size":0.3376711308956146,"orthographic":false}