{"cameraMode":{"drawMode":0,"name":"Shaded","section":"Shading Mode"},"sceneLighting":false,"audioPlay":false,"sceneViewState":{"showFog":true,"showMaterialUpdate":false,"showSkybox":false,"showFlares":true,"showImageEffects":true,"showParticleSystems":true},"in2DMode":false,"pivot":{"x":338.4610290527344,"y":55.947166442871097,"z":54.10845184326172},"rotation":{"x":-0.11507674306631088,"y":0.23889485001564027,"z":-0.028521675616502763,"w":-0.9637806415557861},"size":22.0,"orthographic":false}