{"cameraMode":{"drawMode":0,"name":"Shaded","section":"Shading Mode"},"sceneLighting":false,"audioPlay":false,"sceneViewState":{"showFog":true,"showMaterialUpdate":false,"showSkybox":false,"showFlares":true,"showImageEffects":true,"showParticleSystems":true},"in2DMode":false,"pivot":{"x":0.48976731300354006,"y":-0.6973950862884522,"z":4.083000183105469},"rotation":{"x":0.05586361140012741,"y":-0.03131462633609772,"z":0.0017418123316019774,"w":0.9979457259178162},"size":2.8578836917877199,"orthographic":false}