{"cameraMode":{"drawMode":0,"name":"Shaded","section":"Shading Mode"},"sceneLighting":true,"audioPlay":false,"sceneViewState":{"showFog":true,"showMaterialUpdate":false,"showSkybox":true,"showFlares":true,"showImageEffects":true,"showParticleSystems":true},"in2DMode":false,"pivot":{"x":4.74240255355835,"y":-2.062988758087158,"z":0.8782994747161865},"rotation":{"x":0.0614389032125473,"y":0.7740570902824402,"z":-0.07604584097862244,"w":0.6255221962928772},"size":10.400270462036133,"orthographic":false}